{
  "id": "102019b1c43cabc79fc9d83b53eabbfaadb",
  "version": "102019b1c43cabc7609b8210ecd80693a52",
  "schema": {
    "name": "user_session",
    "description": "Stores active user sessions and JWT token metadata.",
    "fields": [
      {
        "name": "id",
        "description": "Unique identifier for each data of this entity.",
        "type": 1,
        "compliance": {
          "confidentiality": 1,
          "reason": "Primary key identifier"
        }
      },
      {
        "name": "data_creator",
        "description": "id of the user who creates the record",
        "type": 1,
        "compliance": {
          "confidentiality": 2,
          "reason": "Audit trail"
        }
      },
      {
        "name": "data_updater",
        "description": "id of the user who updates the record",
        "type": 1,
        "compliance": {
          "confidentiality": 2,
          "reason": "Audit trail"
        }
      },
      {
        "name": "create_time",
        "description": "create time in timestamp unix",
        "type": 1,
        "compliance": {
          "confidentiality": 1,
          "reason": "Audit trail"
        },
        "format": "timestamp"
      },
      {
        "name": "update_time",
        "description": "update time in timestamp unix",
        "type": 1,
        "compliance": {
          "confidentiality": 1,
          "reason": "Audit trail"
        },
        "format": "timestamp"
      },
      {
        "name": "user_id",
        "description": "Reference ID to the logged-in user.",
        "type": 1,
        "compliance": {
          "confidentiality": 2,
          "reason": "Session Owner"
        },
        "taxonomy": {
          "category": "Ownership",
          "subject": "Session"
        }
      },
      {
        "name": "token_hash",
        "description": "Hash of the JWT token or JTI claim to identify the session uniquely.",
        "type": 1,
        "compliance": {
          "confidentiality": 3,
          "reason": "Authentication Token"
        },
        "taxonomy": {
          "category": "Credential",
          "subject": "Session"
        }
      },
      {
        "name": "expires_at",
        "description": "Timestamp when the session expires.",
        "type": 1,
        "compliance": {
          "confidentiality": 2,
          "reason": "Session Lifecycle"
        },
        "taxonomy": {
          "category": "Lifecycle",
          "subject": "Session"
        },
        "format": "timestamp"
      },
      {
        "name": "ip_address",
        "description": "IP address associated with the session.",
        "type": 1,
        "compliance": {
          "confidentiality": 3,
          "reason": "Security Context"
        },
        "taxonomy": {
          "category": "Network",
          "subject": "Session"
        },
        "nullable": true
      },
      {
        "name": "device_info",
        "description": "Information about the user's device.",
        "type": 1,
        "compliance": {
          "confidentiality": 2,
          "reason": "Device Fingerprint"
        },
        "taxonomy": {
          "category": "Device",
          "subject": "Session"
        },
        "nullable": true
      },
      {
        "name": "is_active",
        "description": "Whether the session is currently active or revoked.",
        "type": 3,
        "compliance": {
          "confidentiality": 2,
          "reason": "Status"
        },
        "taxonomy": {
          "category": "Status",
          "subject": "Session"
        }
      }
    ],
    "indexes": [
      {
        "fields": [
          "id"
        ],
        "unique": true,
        "primary": true,
        "order": false
      },
      {
        "fields": [
          "user_id"
        ],
        "order": false
      },
      {
        "fields": [
          "token_hash"
        ],
        "unique": true,
        "order": false
      },
      {
        "fields": [
          "expires_at"
        ],
        "order": true
      },
      {
        "fields": [
          "data_creator"
        ],
        "order": false
      },
      {
        "fields": [
          "data_updater"
        ],
        "order": false
      }
    ],
    "relations": [
      {
        "referencing_fields": [
          "user_id"
        ],
        "referenced_entity": {
          "name": "user"
        },
        "referenced_fields": [
          "id"
        ],
        "cascade": true
      }
    ]
  },
  "task": {
    "id": "693e8153bf79398469bc43b4",
    "root": "693be70dec184ca07e4e3fe1",
    "project": "693be70dec184ca07e4e3fe0",
    "user": "f8e123b0-10f1-702c-da98-1c6eaf9f54f9"
  },
  "namespace": {
    "id": "01987547fc6c72ecb453bd2736bd4ea0",
    "tenant": 2,
    "name": "global-1",
    "default": true
  },
  "revision": 1
}